{"cameraMode":{"drawMode":0,"name":"Shaded","section":"Shading Mode"},"sceneLighting":false,"audioPlay":false,"sceneViewState":{"showFog":true,"showMaterialUpdate":false,"showSkybox":true,"showFlares":true,"showImageEffects":true,"showParticleSystems":true},"in2DMode":false,"pivot":{"x":50.600006103515628,"y":12.283184051513672,"z":0.899993896484375},"rotation":{"x":-0.249602273106575,"y":-0.7461289763450623,"z":0.48015356063842776,"w":-0.38786953687667849},"size":1288.4388427734375,"orthographic":false}