{"cameraMode":{"drawMode":0,"name":"Shaded","section":"Shading Mode"},"sceneLighting":true,"audioPlay":false,"sceneViewState":{"showFog":true,"showMaterialUpdate":false,"showSkybox":true,"showFlares":true,"showImageEffects":true,"showParticleSystems":true},"in2DMode":false,"pivot":{"x":1.2269055843353272,"y":300.83154296875,"z":1.9077186584472657},"rotation":{"x":-0.21413497626781465,"y":0.4302223324775696,"z":0.10582910478115082,"w":0.8705487847328186},"size":6.182347774505615,"orthographic":true}