{"cameraMode":{"drawMode":0,"name":"Shaded","section":"Shading Mode"},"sceneLighting":true,"audioPlay":false,"sceneViewState":{"showFog":true,"showMaterialUpdate":false,"showSkybox":true,"showFlares":true,"showImageEffects":true,"showParticleSystems":true},"in2DMode":false,"pivot":{"x":1.5979993343353272,"y":299.70166015625,"z":2.2368202209472658},"rotation":{"x":0.000711377477273345,"y":0.9992015361785889,"z":0.03417640179395676,"w":-0.02068481035530567},"size":7.240997791290283,"orthographic":true}